{
  "mean": [
    0.0,
    0.0,
    -0.09261812451759366,
    -0.1079097244712169,
    -0.1904449601605905,
    -0.2759282111484607,
    -0.2417081578169018,
    -0.40746337270540733,
    -0.2530666003497703,
    -0.48460582671663643,
    -0.15601000394615974,
    -0.5734864674741402,
    -0.21310775928951173,
    -0.7138893849591734,
    -0.23034218662698464,
    -0.7680848113130342,
    -0.23957139043630737,
    -0.821704992505077,
    -0.10572902808766181,
    -0.5925176635428946,
    -0.15685315667041777,
    -0.6588907937167281,
    -0.1616171273138794,
    -0.6416066334096958,
    -0.1574516864141927,
    -0.6466876051570117,
    -0.054258358251176114,
    -0.554012265337579,
    -0.10233291729114734,
    -0.5575834014458834,
    -0.105146725800308,
    -0.487863408107066,
    -0.09844678204185629,
    -0.45596482068044053,
    -0.004323390385130752,
    -0.4813763948358334,
    -0.037661076219939124,
    -0.47785932403139575,
    -0.040873101378507685,
    -0.4241154662521874,
    -0.03369198874619341,
    -0.401163847661261,
    0.48278395422924325,
    0.4267247930530421,
    0.3422811430361882,
    0.252516589351746,
    0.15533860039509473,
    0.44552109315742217,
    0.6986495494144817,
    0.5134904069380591,
    0.07652543592182055,
    0.19087228671650333,
    0.7271914033283071,
    0.8289908719917581,
    0.7008479965072403,
    0.5795531987212015,
    0.6295918628807416
  ],
  "scale": [
    1.0,
    1.0,
    0.13203867575486336,
    0.08495098820107334,
    0.22465533080258965,
    0.13817264245814603,
    0.25138321366344873,
    0.18152751487939556,
    0.25222260576369554,
    0.20957117762438462,
    0.18506341538836926,
    0.16398516025355309,
    0.19553104807756597,
    0.22705420470532853,
    0.2029289966927814,
    0.23101068316818762,
    0.21910658575070024,
    0.26077373687892114,
    0.11433346938142856,
    0.17787386803772026,
    0.1381216503082999,
    0.27397180638519814,
    0.13186107090187923,
    0.3019622926379131,
    0.13393907470176847,
    0.3529776029778705,
    0.12117843528413065,
    0.18820277846706623,
    0.14533151324830546,
    0.27784568551198613,
    0.1218748511518297,
    0.2831782029807413,
    0.10032212117045866,
    0.3171558730207596,
    0.19090632975848296,
    0.19398706352213857,
    0.20586307010380275,
    0.25689271353572235,
    0.19366821913102192,
    0.2436991431335125,
    0.18483286825791673,
    0.2511905151586601,
    0.1293765418293816,
    0.20670238294581011,
    0.24780315197887412,
    0.24436970085712145,
    0.08637329328921209,
    0.23772975353356535,
    0.31211786765648397,
    0.2411043991325545,
    0.05129227201854232,
    0.126899416196708,
    0.15074118344658413,
    0.30093558854946817,
    0.34214117689129003,
    0.34090740998559554,
    0.3198893137775889
  ],
  "var": [
    0.0,
    0.0,
    0.01743421189509794,
    0.0072166703963389015,
    0.050470017658020984,
    0.019091679123866657,
    0.06319352011176312,
    0.032952238658289175,
    0.06361624285822857,
    0.043920078490871366,
    0.034248467715208106,
    0.026891132783383488,
    0.03823239076231141,
    0.05155361187436923,
    0.041180177698738885,
    0.05336593573783276,
    0.04800769591932896,
    0.06800294184579679,
    0.013072142220794064,
    0.031639112930700326,
    0.019077590283888283,
    0.07506055069396848,
    0.01738734201939042,
    0.09118122617514465,
    0.017939675731965917,
    0.12459318820400318,
    0.01468421317791024,
    0.035420285822723614,
    0.021121248743042383,
    0.07719822495762549,
    0.014853479343280643,
    0.08018989464340193,
    0.01006452799614019,
    0.10058784779156019,
    0.03644522674185464,
    0.03763098081394223,
    0.04237960363256321,
    0.0659938662677467,
    0.03750737910138153,
    0.05938927236400822,
    0.0341631891884484,
    0.06309667490567304,
    0.016738289575729724,
    0.04272587511547633,
    0.061406402130664985,
    0.05971655069699902,
    0.00746034579362425,
    0.05651543571512972,
    0.09741756331043043,
    0.05813133128107015,
    0.0026308971688241397,
    0.016103461831065313,
    0.022722904386876727,
    0.09056222845561479,
    0.11706058492455701,
    0.11621786218308693,
    0.10232917306909671
  ]
}